{
  "ItemContextBuilder": 0.00012883299496024847,
  "ClinicalAssertionResolver": 301.54860120799276,
  "EvidenceTreeBuilder": 609.7669909580145,
  "EvidenceTreeStructuringValidator": 9.23750048968941e-05
}